--
-- PostgreSQL database dump
--

-- Dumped from database version 15.2
-- Dumped by pg_dump version 15.2

SET statement_timeout = 0;
SET lock_timeout = 0;
SET idle_in_transaction_session_timeout = 0;
SET client_encoding = 'UTF8';
SET standard_conforming_strings = on;
SELECT pg_catalog.set_config('search_path', '', false);
SET check_function_bodies = false;
SET xmloption = content;
SET client_min_messages = warning;
SET row_security = off;

SET default_tablespace = '';

SET default_table_access_method = heap;

--
-- Name: part_supplier; Type: TABLE; Schema: public; Owner: postgres
--

CREATE TABLE public.part_supplier (
    part_id integer,
    supplier_id integer
);


ALTER TABLE public.part_supplier OWNER TO postgres;

--
-- Name: parts; Type: TABLE; Schema: public; Owner: postgres
--

CREATE TABLE public.parts (
    id bigint NOT NULL,
    name character varying(50) NOT NULL,
    description text NOT NULL,
    product_id integer
);


ALTER TABLE public.parts OWNER TO postgres;

--
-- Name: parts_id_seq; Type: SEQUENCE; Schema: public; Owner: postgres
--

CREATE SEQUENCE public.parts_id_seq
    START WITH 1
    INCREMENT BY 1
    NO MINVALUE
    NO MAXVALUE
    CACHE 1;


ALTER TABLE public.parts_id_seq OWNER TO postgres;

--
-- Name: parts_id_seq; Type: SEQUENCE OWNED BY; Schema: public; Owner: postgres
--

ALTER SEQUENCE public.parts_id_seq OWNED BY public.parts.id;


--
-- Name: products; Type: TABLE; Schema: public; Owner: postgres
--

CREATE TABLE public.products (
    id bigint NOT NULL,
    name character varying(50) NOT NULL,
    qty integer NOT NULL
);


ALTER TABLE public.products OWNER TO postgres;

--
-- Name: products_id_seq; Type: SEQUENCE; Schema: public; Owner: postgres
--

CREATE SEQUENCE public.products_id_seq
    START WITH 1
    INCREMENT BY 1
    NO MINVALUE
    NO MAXVALUE
    CACHE 1;


ALTER TABLE public.products_id_seq OWNER TO postgres;

--
-- Name: products_id_seq; Type: SEQUENCE OWNED BY; Schema: public; Owner: postgres
--

ALTER SEQUENCE public.products_id_seq OWNED BY public.products.id;


--
-- Name: suppliers; Type: TABLE; Schema: public; Owner: postgres
--

CREATE TABLE public.suppliers (
    id bigint NOT NULL,
    name character varying(50) NOT NULL,
    address text NOT NULL,
    no_telp character varying(15) NOT NULL
);


ALTER TABLE public.suppliers OWNER TO postgres;

--
-- Name: suppliers_id_seq; Type: SEQUENCE; Schema: public; Owner: postgres
--

CREATE SEQUENCE public.suppliers_id_seq
    START WITH 1
    INCREMENT BY 1
    NO MINVALUE
    NO MAXVALUE
    CACHE 1;


ALTER TABLE public.suppliers_id_seq OWNER TO postgres;

--
-- Name: suppliers_id_seq; Type: SEQUENCE OWNED BY; Schema: public; Owner: postgres
--

ALTER SEQUENCE public.suppliers_id_seq OWNED BY public.suppliers.id;


--
-- Name: parts id; Type: DEFAULT; Schema: public; Owner: postgres
--

ALTER TABLE ONLY public.parts ALTER COLUMN id SET DEFAULT nextval('public.parts_id_seq'::regclass);


--
-- Name: products id; Type: DEFAULT; Schema: public; Owner: postgres
--

ALTER TABLE ONLY public.products ALTER COLUMN id SET DEFAULT nextval('public.products_id_seq'::regclass);


--
-- Name: suppliers id; Type: DEFAULT; Schema: public; Owner: postgres
--

ALTER TABLE ONLY public.suppliers ALTER COLUMN id SET DEFAULT nextval('public.suppliers_id_seq'::regclass);


--
-- Data for Name: part_supplier; Type: TABLE DATA; Schema: public; Owner: postgres
--

COPY public.part_supplier (part_id, supplier_id) FROM stdin;
1	2
3	2
4	7
5	3
6	7
7	6
7	7
8	3
\.


--
-- Data for Name: parts; Type: TABLE DATA; Schema: public; Owner: postgres
--

COPY public.parts (id, name, description, product_id) FROM stdin;
1	Gateron Blue Switch	Clicky Switch	1
2	ABS Black OEM Keycaps	ABS Material Keycaps	1
3	Gateron Yellow Switch	Linear Switch	2
4	PBT Black XDA Keycaps	PBT Material Keycaps	2
5	JWICK Ultimate Black Switch	Linear Switch	3
6	PBT Black Cherry Keycaps	PBT Material Keycaps	3
7	Daxa M64 FR4 Plate	FR4 Material Plate	\N
8	Durock V2 Screw-In	Screw-In Stabilizers	\N
\.


--
-- Data for Name: products; Type: TABLE DATA; Schema: public; Owner: postgres
--

COPY public.products (id, name, qty) FROM stdin;
1	M71 Classic	5
2	M64 Classic	7
3	M64 Ultimate	15
\.


--
-- Data for Name: suppliers; Type: TABLE DATA; Schema: public; Owner: postgres
--

COPY public.suppliers (id, name, address, no_telp) FROM stdin;
1	Outemu	China	098364728
2	Gateron	China	03764890287
3	JWICK	China	76483919093
4	Aflion	China	7628617389
5	KTT	China	9738437282
6	Lokal	Indonesia	081673847841
7	OEM	China	647381736
\.


--
-- Name: parts_id_seq; Type: SEQUENCE SET; Schema: public; Owner: postgres
--

SELECT pg_catalog.setval('public.parts_id_seq', 8, true);


--
-- Name: products_id_seq; Type: SEQUENCE SET; Schema: public; Owner: postgres
--

SELECT pg_catalog.setval('public.products_id_seq', 3, true);


--
-- Name: suppliers_id_seq; Type: SEQUENCE SET; Schema: public; Owner: postgres
--

SELECT pg_catalog.setval('public.suppliers_id_seq', 7, true);


--
-- Name: parts parts_pkey; Type: CONSTRAINT; Schema: public; Owner: postgres
--

ALTER TABLE ONLY public.parts
    ADD CONSTRAINT parts_pkey PRIMARY KEY (id);


--
-- Name: products products_pkey; Type: CONSTRAINT; Schema: public; Owner: postgres
--

ALTER TABLE ONLY public.products
    ADD CONSTRAINT products_pkey PRIMARY KEY (id);


--
-- Name: suppliers suppliers_pkey; Type: CONSTRAINT; Schema: public; Owner: postgres
--

ALTER TABLE ONLY public.suppliers
    ADD CONSTRAINT suppliers_pkey PRIMARY KEY (id);


--
-- Name: part_supplier part_fk; Type: FK CONSTRAINT; Schema: public; Owner: postgres
--

ALTER TABLE ONLY public.part_supplier
    ADD CONSTRAINT part_fk FOREIGN KEY (part_id) REFERENCES public.parts(id) ON DELETE CASCADE;


--
-- Name: parts product_fk; Type: FK CONSTRAINT; Schema: public; Owner: postgres
--

ALTER TABLE ONLY public.parts
    ADD CONSTRAINT product_fk FOREIGN KEY (product_id) REFERENCES public.products(id);


--
-- Name: part_supplier supplier_fk; Type: FK CONSTRAINT; Schema: public; Owner: postgres
--

ALTER TABLE ONLY public.part_supplier
    ADD CONSTRAINT supplier_fk FOREIGN KEY (supplier_id) REFERENCES public.suppliers(id) ON DELETE CASCADE;


--
-- PostgreSQL database dump complete
--

